INSERT INTO Usuario
VALUES ('victor.martins@gmail.com', 'Victor Martins', '1824050', 'Masculino', '2021-07-27 05:40:05', '07/09/1999');
INSERT INTO Usuario
VALUES ('cibele.ferreira@gmail.com', 'Cibele Ferreira', '1824204', 'Feminino', '2021-07-27 04:05:06', '10/07/2000');
INSERT INTO Usuario
VALUES ('clara.loris@gmail.com', 'Clara Loris', '1824004', 'Feminino', '2021-07-27 10:00:01', '18/11/1999');
INSERT INTO Usuario
VALUES ('joao.vitor@gmail.com', 'João Vitor', '1924094', 'Masculino', '2021-07-27 09:14:40', '20/06/1999');
INSERT INTO Usuario
VALUES ('sabrina.suellen@gmail.com', 'Sabrina Suellen', '1814122', 'Feminino', '2021-07-27 11:15:07', '24/02/1999');
INSERT INTO Usuario
VALUES ('espindola@gmail.com', 'Fábio Espíndola', '2014050', 'Masculino', '2021-08-10 01:16:20', '19/08/1998');
INSERT INTO Usuario
VALUES ('myllenium@gmail.com', 'Myllene Silva', '1814713', 'Feminino', '2021-08-10 01:18:37', '27/11/1999');
INSERT INTO Usuario
VALUES ('sam.kiszka@gmail.com', 'Sammuel Kiszka', '1954156', 'Masculino', '2021-08-10 10:34:06', '03/04/1999');
INSERT INTO Usuario
VALUES ('zecac@gmail.com', 'Zeca Camargo', '0136668', 'Masculino', '2021-08-10 10:35:00', '08/04/1963');
INSERT INTO Usuario
VALUES ('veeh.cristina@gmail.com', 'Verônica Cristina', '1455846', 'Feminino', '2021-08-10 10:39:45', '12/01/1999');

INSERT INTO Usuario
VALUES ('angele@outlook.com', 'Angèle', '1976112', 'Feminino', '2021-07-27 12:00:10', '03/12/1995');
INSERT INTO Usuario
VALUES ('cassia.eller@outlook.com', 'Cássia Eller', '1623745', 'Feminino', '2021-07-27 00:45:07', '10/12/1962');
INSERT INTO Usuario
VALUES ('cazuza@outlook.com', 'Cazuza', '1370266', 'Masculino', '2021-07-27 00:45:07', '04/04/1958');
INSERT INTO Usuario
VALUES ('altj@outlook.com', 'alt-J', '69399156', 'Masculino', '2021-09-08 01:34:01', '31/08/2012');
INSERT INTO Usuario
VALUES ('boniver@outlook.com', 'Bon Iver', '3024580', 'Masculino', '2021-09-08 23:25:22', '06/06/2006');
INSERT INTO Usuario
VALUES ('vance.joy@gmail.com', 'Vance Joy', '2417617', 'Masculino', '2021-09-08 23:34:00', '01/12/1987');
INSERT INTO Usuario
VALUES ('velosoc@gmail.com', 'Caetano Veloso', '3411921', 'Masculino', '2021-09-08 23:41:08', '07/08/1942');
INSERT INTO Usuario
VALUES ('antoniocjobim@gmail.com', 'Antonio Carlos Jobim', '2672212', 'Masculino', '2021-09-08 23:46:45', '25/01/1927');
INSERT INTO Usuario
VALUES ('boogarins@gmail.com', 'Boogarins', '1378322', 'Masculino', '2021-09-08 23:55:36', '19/02/2013');
INSERT INTO Usuario
VALUES ('duda.beat@gmail.com', 'Duda Beat', '1700979', 'Feminino', '2021-09-10 00:02:15', '08/10/1987');
INSERT INTO Usuario
VALUES ('elis@outlook.com', 'Elis Regina', '1881895', 'Feminino', '2021-09-10 00:07:04', '17/03/1945');

INSERT INTO Usuario
VALUES ('babi.miranda@hotmail.com', 'Babi Miranda', '1151141', 'Feminino', '2021-07-27 00:45:07', '07/04/1983');
INSERT INTO Usuario
VALUES ('gabrielayo@hotmail.com', 'Gabi Oliveira', '1052547', 'Feminino', '2021-07-27 00:45:06', '25/07/1987');
INSERT INTO Usuario
VALUES ('clng@gmail.com', 'Calango', '0012801', 'Masculino', '2021-08-10 00:25:05', '05/01/2000');
INSERT INTO Usuario
VALUES ('tati.bernardi@gmail.com', 'Tati Bernardi', '0122601', 'Feminino', '2021-08-10 00:33:00', '29/04/1979');
INSERT INTO Usuario
VALUES ('pedroloos@gmail.com', 'Pedro Loos', '7012107', 'Masculino', '2021-08-10 00:45:21', '08/06/1987');
INSERT INTO Usuario
VALUES ('goldmanm@gmail.com', 'Alex Goldman', '0181124', 'Masculino', '2021-08-10 01:04:02', '24/02/1960');

INSERT INTO Artista
VALUES ('angele@outlook.com', 'Cantora', 'Angèle foi a cantora francófona mais ouvida em 2019, graças ao seu álbum de estreia, Brol.', 'Pop', 1);
INSERT INTO Artista
VALUES ('cassia.eller@outlook.com', 'Cantora', 'Cássia Eller foi uma das maiores representantes do rock brasileiro dos anos 90.', 'Rock', 1);
INSERT INTO Artista
VALUES ('cazuza@outlook.com', 'Cantor', 'Cazuza foi um cantor, compositor, poeta e letrista brasileiro.', 'Rock', 1);
INSERT INTO Artista
VALUES ('altj@outlook.com', 'Banda', 'O grupo de rock inglês Alt-J oferece rock indie excêntrico que experimenta ritmo e estrutura musical.', 'Rock', 3);
INSERT INTO Artista
VALUES ('boniver@outlook.com', 'Banda', 'Bon Iver emergiu do isolamento com um álbum FEFA que se tornou uma pedra de toque do folk indie.', 'Folk', 4);
INSERT INTO Artista
VALUES ('vance.joy@gmail.com', 'Cantor', 'Alcançando o sucesso com suas canções influenciadas por Bon Iver, Vance decidiu seguir a carreira musical.', 'Folk', 1);
INSERT INTO Artista
VALUES ('velosoc@gmail.com', 'Cantor', 'Verdadeiro peso pesado, Caetano Veloso é músico pop, poeta, cineasta, escritor e ativista.', 'Pop', 1);
INSERT INTO Artista
VALUES ('antoniocjobim@gmail.com', 'Cantor', 'As canções de Jobim deram aos músicos de jazz dos anos 1960 uma alternativa surpreendentemente original.', 'Jazz', 1);
INSERT INTO Artista
VALUES ('boogarins@gmail.com', 'Banda', 'Não queríamos escrever músicas dizendo às pessoas o que fazer, mas sim ajudá-las a encontrar suas próprias coisas.', 'Rock', 4);
INSERT INTO Artista
VALUES ('duda.beat@gmail.com', 'Cantora', 'A mistura de ritmos brasileiros, que enaltecia especialmente a riqueza sonora do nordeste, ganhou o público e a crítica.', 'Pop', 1);
INSERT INTO Artista
VALUES ('elis@outlook.com', 'Cantora', 'Elis Regina foi uma cantora mercurial que continua tão popular após a morte quanto era em vida.', 'MPB', 1);

INSERT INTO Podcaster
VALUES ('babi.miranda@hotmail.com');
INSERT INTO Podcaster
VALUES ('gabrielayo@hotmail.com');
INSERT INTO Podcaster
VALUES ('clng@gmail.com');
INSERT INTO Podcaster
VALUES ('tati.bernardi@gmail.com');
INSERT INTO Podcaster
VALUES ('pedroloos@gmail.com');
INSERT INTO Podcaster
VALUES ('goldmanm@gmail.com');

INSERT INTO Ouvinte
VALUES ('victor.martins@gmail.com');
INSERT INTO Ouvinte
VALUES ('cibele.ferreira@gmail.com');
INSERT INTO Ouvinte
VALUES ('clara.loris@gmail.com');
INSERT INTO Ouvinte
VALUES ('joao.vitor@gmail.com');
INSERT INTO Ouvinte
VALUES ('sabrina.suellen@gmail.com');
INSERT INTO Ouvinte
VALUES ('espindola@gmail.com');
INSERT INTO Ouvinte
VALUES ('myllenium@gmail.com');
INSERT INTO Ouvinte
VALUES ('sam.kiszka@gmail.com');
INSERT INTO Ouvinte
VALUES ('zecac@gmail.com');
INSERT INTO Ouvinte
VALUES ('veeh.cristina@gmail.com');

INSERT INTO Telefones
VALUES ('victor.martins@gmail.com', '31997436379');
INSERT INTO Telefones
VALUES ('cibele.ferreira@gmail.com', '31997088817');
INSERT INTO Telefones
VALUES ('clara.loris@gmail.com', '31996053920');
INSERT INTO Telefones
VALUES ('joao.vitor@gmail.com', '75991380685');
INSERT INTO Telefones
VALUES ('sabrina.suellen@gmail.com', '37999416394');
INSERT INTO Telefones
VALUES ('babi.miranda@hotmail.com', '31994086369');
INSERT INTO Telefones
VALUES ('gabrielayo@hotmail.com', '31988807608');
INSERT INTO Telefones
VALUES ('angele@outlook.com', '31996261681');
INSERT INTO Telefones
VALUES ('angele@outlook.com', '31971732711');
INSERT INTO Telefones
VALUES ('cassia.eller@outlook.com', '11940602555');
INSERT INTO Telefones
VALUES ('veeh.cristina@gmail.com', '11980757064');

INSERT INTO Redes_Sociais
VALUES ('Twitter', 'Twitter é o que está acontecendo e sobre o que as pessoas estão falando agora.');
INSERT INTO Redes_Sociais
VALUES ('Facebook', 'Entre no Facebook para começar a se conectar com seus amigos, familiares e com as pessoas que você conhece.');
INSERT INTO Redes_Sociais
VALUES ('Instagram', 'O Instagram permite que você compartilhe suas fotos, histórias e vídeos com os amigos e seguidores que você gosta.');

INSERT INTO Tem_Redes
VALUES ('angele@outlook.com', 'Twitter', 'angele_vl');
INSERT INTO Tem_Redes
VALUES ('cazuza@outlook.com', 'Twitter', 'cazuzaoficial');
INSERT INTO Tem_Redes
VALUES ('clara.loris@gmail.com', 'Twitter', 'clara.loris');
INSERT INTO Tem_Redes
VALUES ('victor.martins@gmail.com', 'Twitter', 'vitormascomc');
INSERT INTO Tem_Redes
VALUES ('myllenium@gmail.com', 'Instagram', 'mylleneslv');
INSERT INTO Tem_Redes
VALUES ('victor.martins@gmail.com', 'Instagram', 'vitormascomc');
INSERT INTO Tem_Redes
VALUES ('cibele.ferreira@gmail.com', 'Facebook', 'cibborgue');
INSERT INTO Tem_Redes
VALUES ('clng@gmail.com', 'Instagram', 'calango');
INSERT INTO Tem_Redes
VALUES ('espindola@gmail.com', 'Facebook', 'fabioesp1999');
INSERT INTO Tem_Redes
VALUES ('pedroloos@gmail.com', 'Facebook', 'pedroloos');
INSERT INTO Tem_Redes
VALUES ('sabrina.suellen@gmail.com', 'Facebook', 'sabrinasuellen');
INSERT INTO Tem_Redes
VALUES ('goldmanm@gmail.com', 'Instagram', 'alexg');

INSERT INTO Segue
VALUES ('cibele.ferreira@gmail.com', 'sabrina.suellen@gmail.com');
INSERT INTO Segue
VALUES ('sabrina.suellen@gmail.com', 'cibele.ferreira@gmail.com');
INSERT INTO Segue
VALUES ('joao.vitor@gmail.com', 'sabrina.suellen@gmail.com');
INSERT INTO Segue
VALUES ('sabrina.suellen@gmail.com', 'joao.vitor@gmail.com');
INSERT INTO Segue
VALUES ('clara.loris@gmail.com', 'victor.martins@gmail.com');
INSERT INTO Segue
VALUES ('victor.martins@gmail.com', 'clara.loris@gmail.com');
INSERT INTO Segue
VALUES ('sam.kiszka@gmail.com', 'myllenium@gmail.com');
INSERT INTO Segue
VALUES ('veeh.cristina@gmail.com', 'myllenium@gmail.com');
INSERT INTO Segue
VALUES ('myllenium@gmail.com', 'veeh.cristina@gmail.com');
INSERT INTO Segue
VALUES ('sabrina.suellen@gmail.com', 'myllenium@gmail.com');
INSERT INTO Segue
VALUES ('espindola@gmail.com', 'zecac@gmail.com');

INSERT INTO Gravadora
VALUES ('19572221000162', 'somlivre@tatix.com.br', 's0mlivre', 'Som Livre', 'Av. João de Cabral de Mello Neto, 200, Barra da Tijuca, Rio de Janeiro', 'https://www.somlivre.com/', 'A gravadora Som Livre foi criada em 1969 com o objetivo principal de incentivar a música popular brasileira.', '11923888243');
INSERT INTO Gravadora
VALUES ('98396901000149', 'philipsrecords@philips.com.br', 'philips-records', 'Philips Records', 'Av. Marcos Penteado de Ulhoa Rodrigues, 939, Barueri, São Paulo', 'http://www.deccaclassics.com/', 'Philips Records é uma gravadora fundada pela companhia de eletrônicos neerlandesa Philips.', '11925290600');
INSERT INTO Gravadora
VALUES ('11946818000118', 'info@jagjaguwar.com', 'jag.jaguwar', 'Jagjaguwar', 'S. Rogers St, 213, Bloomington, Indiana', 'https://jagjaguwar.com/', 'Jagjaguwar obteve a dependência de parceiros, especialmente artistas, para seguir em frente e crescer.', '58979463700');
INSERT INTO Gravadora
VALUES ('49587643000172', 'warnermusic@merchfan.com.au', 'wmusic', 'Warner Music', '6, Wellington Street, Collingwood, VIC 3066, Australia', 'https://warnermusic.com.au/', 'Warner Music é uma gravadora que entende que cada artista é tão único quanto cada fã de música.', '18931985255');

INSERT INTO Artista_Gravadora
VALUES ('cassia.eller@outlook.com', '19572221000162', '13/01/2002', '29/04/2003');
INSERT INTO Artista_Gravadora
VALUES ('cazuza@outlook.com', '19572221000162', '10/05/1985', '04/11/1989');
INSERT INTO Artista_Gravadora
VALUES ('velosoc@gmail.com', '19572221000162', '05/01/1968', '22/10/1977');
INSERT INTO Artista_Gravadora
VALUES ('elis@outlook.com', '19572221000162', '24/06/1973', '11/12/1975');
INSERT INTO Artista_Gravadora
VALUES ('velosoc@gmail.com', '98396901000149', '18/04/1997', '27/07/2012');
INSERT INTO Artista_Gravadora
VALUES ('antoniocjobim@gmail.com', '98396901000149', '07/04/1973', '31/08/1976');
INSERT INTO Artista_Gravadora
VALUES ('boogarins@gmail.com', '98396901000149', '24/04/2013', '03/01/2020');
INSERT INTO Artista_Gravadora
VALUES ('duda.beat@gmail.com', '98396901000149', '27/04/2018', '22/01/2020');
INSERT INTO Artista_Gravadora
VALUES ('boniver@outlook.com', '11946818000118', '06/09/2008', '17/06/2016');
INSERT INTO Artista_Gravadora
VALUES ('altj@outlook.com', '11946818000118', '09/07/2013', '25/05/2020');
INSERT INTO Artista_Gravadora
VALUES ('vance.joy@gmail.com', '11946818000118', '01/12/2013', '12/03/2020');
INSERT INTO Artista_Gravadora
VALUES ('angele@outlook.com', '49587643000172', '05/01/2019', '20/04/2020');
INSERT INTO Artista_Gravadora
VALUES ('boniver@outlook.com', '49587643000172', '17/07/2019', '01/06/2020');

INSERT INTO Playlist
VALUES ('sabrina.suellen@gmail.com', 'Blue Monday', 3);
INSERT INTO Playlist
VALUES ('cibele.ferreira@gmail.com', 'Venus', 5);
INSERT INTO Playlist
VALUES ('myllenium@gmail.com', 'So Emocoes por My', 6);
INSERT INTO Playlist
VALUES ('zecac@gmail.com', 'FICA EM CASA', 153);
INSERT INTO Playlist
VALUES ('victor.martins@gmail.com', 'brasil', 45);

INSERT INTO Curte_Playlist
VALUES ('victor.martins@gmail.com', 'sabrina.suellen@gmail.com', 'Blue Monday');
INSERT INTO Curte_Playlist
VALUES ('joao.vitor@gmail.com', 'sabrina.suellen@gmail.com', 'Blue Monday');
INSERT INTO Curte_Playlist
VALUES ('veeh.cristina@gmail.com', 'sabrina.suellen@gmail.com', 'Blue Monday');
INSERT INTO Curte_Playlist
VALUES ('sam.kiszka@gmail.com', 'cibele.ferreira@gmail.com', 'Venus');
INSERT INTO Curte_Playlist
VALUES ('espindola@gmail.com', 'cibele.ferreira@gmail.com', 'Venus');
INSERT INTO Curte_Playlist
VALUES ('sabrina.suellen@gmail.com', 'victor.martins@gmail.com', 'brasil');
INSERT INTO Curte_Playlist
VALUES ('clara.loris@gmail.com', 'victor.martins@gmail.com', 'brasil');
INSERT INTO Curte_Playlist
VALUES ('espindola@gmail.com', 'victor.martins@gmail.com', 'brasil');
INSERT INTO Curte_Playlist
VALUES ('espindola@gmail.com', 'zecac@gmail.com', 'FICA EM CASA');
INSERT INTO Curte_Playlist
VALUES ('cibele.ferreira@gmail.com', 'zecac@gmail.com', 'FICA EM CASA');
INSERT INTO Curte_Playlist
VALUES ('sabrina.suellen@gmail.com', 'zecac@gmail.com', 'FICA EM CASA');
INSERT INTO Curte_Playlist
VALUES ('victor.martins@gmail.com', 'zecac@gmail.com', 'FICA EM CASA');
INSERT INTO Curte_Playlist
VALUES ('clara.loris@gmail.com', 'zecac@gmail.com', 'FICA EM CASA');
INSERT INTO Curte_Playlist
VALUES ('myllenium@gmail.com', 'zecac@gmail.com', 'FICA EM CASA');
INSERT INTO Curte_Playlist
VALUES ('joao.vitor@gmail.com', 'myllenium@gmail.com', 'So Emocoes por My');
INSERT INTO Curte_Playlist
VALUES ('sabrina.suellen@gmail.com', 'myllenium@gmail.com', 'So Emocoes por My');
INSERT INTO Curte_Playlist
VALUES ('cibele.ferreira@gmail.com', 'myllenium@gmail.com', 'So Emocoes por My');
INSERT INTO Curte_Playlist
VALUES ('sam.kiszka@gmail.com', 'myllenium@gmail.com', 'So Emocoes por My');

INSERT INTO Coletanea
VALUES ('044003857629', 'Perfil', 'R-3645144-1467112360-7543.jpeg', '16/03/2003');
INSERT INTO Coletanea
VALUES ('379482551907', 'An Awesome Wave', 'awesome-folder.jpeg', '25/08/2013');
INSERT INTO Coletanea
VALUES ('609558813435', '22, A Million', '224million.jpeg', '28/02/2016');
INSERT INTO Coletanea
VALUES ('279001087608', 'i, 5i', 'ii.jpeg', '06/11/2019');
INSERT INTO Coletanea
VALUES ('229021429435', 'Dream Your Life Away', 'dyla.jpeg', '16/12/2014');
INSERT INTO Coletanea
VALUES ('719814250901', 'Brol', 'brol-album.jpeg', '19/05/2019');
INSERT INTO Coletanea
VALUES ('759670734794', 'Manual', 'manual-album.jpeg', '17/06/2015');
INSERT INTO Coletanea
VALUES ('679193631522', 'Sinto Muito', 'sinto-muito.jpeg', '28/12/2019');
INSERT INTO Coletanea
VALUES ('215336035813', 'Exagerado', 'album.jpeg', '11/11/1985');
INSERT INTO Coletanea
VALUES ('556347770436', 'Noites do Norte', 'caets-noites.jpeg', '27/07/2000');
INSERT INTO Coletanea
VALUES ('439379000149', 'A Bossa de Caetano', 'caets-bossa.jpeg', '20/10/1977');
INSERT INTO Coletanea
VALUES ('135894876389', 'Vento de Maio', 'elis.jpeg', '07/05/1974');
INSERT INTO Coletanea
VALUES ('709558919194', 'The Composer Plays', 'jobim.jpeg', '01/05/1973');

INSERT INTO Coletanea
VALUES ('outrasmamas020', 'Outras Mamas Podcast', '171598832_486025609421444_1929908176146162253_n.jpeg', '07/04/2018');
INSERT INTO Coletanea
VALUES ('balela', 'Balela Podcast', 'balela_folder.jpeg', '28/01/2021');
INSERT INTO Coletanea
VALUES ('inscoletivo', 'Meu Inconsciente Coletivo', 'incoletivo_foto.jpeg', '26/01/2021');
INSERT INTO Coletanea
VALUES ('sinapsectd', 'Sinapse', 'sinapse.jpeg', '04/02/2019');
INSERT INTO Coletanea
VALUES ('afet0s', 'Afetos', 'afet0s.jpeg', '17/06/2019');
INSERT INTO Coletanea
VALUES ('reply4ll', 'Reply All', '4ll.jpeg', '10/11/2014');

INSERT INTO Podcast
VALUES ('outrasmamas020', 'babi.miranda@hotmail.com');
INSERT INTO Podcast
VALUES ('balela', 'clng@gmail.com');
INSERT INTO Podcast
VALUES ('inscoletivo', 'tati.bernardi@gmail.com');
INSERT INTO Podcast
VALUES ('sinapsectd', 'pedroloos@gmail.com');
INSERT INTO Podcast
VALUES ('afet0s', 'gabrielayo@hotmail.com');
INSERT INTO Podcast
VALUES ('reply4ll', 'goldmanm@gmail.com');

INSERT INTO Album
VALUES ('044003857629', 'cassia.eller@outlook.com', '19572221000162');
INSERT INTO Album
VALUES ('379482551907', 'altj@outlook.com', '11946818000118');
INSERT INTO Album
VALUES ('609558813435', 'boniver@outlook.com', '11946818000118');
INSERT INTO Album
VALUES ('279001087608', 'boniver@outlook.com', '49587643000172');
INSERT INTO Album
VALUES ('229021429435', 'vance.joy@gmail.com', '11946818000118');
INSERT INTO Album
VALUES ('719814250901', 'angele@outlook.com', '49587643000172');
INSERT INTO Album
VALUES ('759670734794', 'boogarins@gmail.com', '98396901000149');
INSERT INTO Album
VALUES ('679193631522', 'duda.beat@gmail.com', '98396901000149');
INSERT INTO Album
VALUES ('215336035813', 'cazuza@outlook.com', '19572221000162');
INSERT INTO Album
VALUES ('556347770436', 'velosoc@gmail.com', '98396901000149');
INSERT INTO Album
VALUES ('439379000149', 'velosoc@gmail.com', '19572221000162');
INSERT INTO Album
VALUES ('135894876389', 'elis@outlook.com', '19572221000162');
INSERT INTO Album
VALUES ('709558919194', 'antoniocjobim@gmail.com', '98396901000149');

INSERT INTO Obra
VALUES ('103', 'O Zé Gotinha é nosso', '00:40:00');
INSERT INTO Obra
VALUES ('90', 'Mary Shelley e o Frankenstein', '00:51:00');
INSERT INTO Obra
VALUES ('42', 'YEAH SCIENCE', '01:09:00');
INSERT INTO Obra
VALUES ('15', 'A síndrome da impostora', '00:48:00');
INSERT INTO Obra
VALUES ('64', 'Destino: Alpha Centauri', '00:46:00');
INSERT INTO Obra
VALUES ('99', 'Bloqueio Criativo', '00:28:00');
INSERT INTO Obra
VALUES ('78', 'SILÊNCIO', '00:32:00');
INSERT INTO Obra
VALUES ('102', 'Long Distance', '00:46:00');

INSERT INTO Obra
VALUES ('6', 'Por Enquanto', '00:04:04');
INSERT INTO Obra
VALUES ('5', 'Palavras ao Vento', '00:03:32');
INSERT INTO Obra
VALUES ('13', 'Taro', '00:05:05');
INSERT INTO Obra
VALUES ('3', 'Tesselate', '00:03:01');
INSERT INTO Obra
VALUES ('4', '33 "GOD"', '00:03:33');
INSERT INTO Obra
VALUES ('8', '666 t', '00:04:12');
INSERT INTO Obra
VALUES ('7', 'Hey. Ma', '00:03:36');
INSERT INTO Obra
VALUES ('2', 'Mess Is Mine', '00:03:43');
INSERT INTO Obra
VALUES ('1', 'Georgia', '00:03:50');
INSERT INTO Obra
VALUES ('9', 'Balance ton quoi', '00:03:09');
INSERT INTO Obra
VALUES ('10', 'Flemme', '00:04:16');
INSERT INTO Obra
VALUES ('19', 'Avalanche', '00:03:30');
INSERT INTO Obra
VALUES ('21', 'Bixinho', '00:03:26');
INSERT INTO Obra
VALUES ('28', 'Bédi Beat', '00:03:20');
INSERT INTO Obra
VALUES ('30', 'Exagerado', '00:03:43');
INSERT INTO Obra
VALUES ('29', 'Codinome Beija-Flor', '00:02:31');
INSERT INTO Obra
VALUES ('84', 'Rock n Raul', '00:05:16');
INSERT INTO Obra
VALUES ('101', 'Desde Que O Samba É Samba', '00:05:08');
INSERT INTO Obra
VALUES ('157', 'Samba de Verao', '00:03:08');
INSERT INTO Obra
VALUES ('148', 'Tiro ao Álvaro', '00:02:44');
INSERT INTO Obra
VALUES ('250', 'Água de Beber', '00:02:50');
INSERT INTO Obra
VALUES ('311', 'Corcovado', '00:02:25');
INSERT INTO Obra
VALUES ('77', 'O Morro Nao Tem Vez', '00:03:40');

INSERT INTO Episodio
VALUES ('103', 'outrasmamas020', 'O Zé Gotinha é nosso, é de quem defende o povo e o SUS.');
INSERT INTO Episodio
VALUES ('90', 'outrasmamas020', 'Entre críticas e elogios, contamos a história do filme e da Mary Shelley aprofundado nas teorias feministas e experiências que levaram a autora escrever um dos maiores sucessos literários do mundo.');
INSERT INTO Episodio
VALUES ('42', 'balela', 'O balela mais esperado de todos os tempos falando da melhor série do mundo.');
INSERT INTO Episodio
VALUES ('15', 'inscoletivo', 'No podcast "Meu Inconsciente Coletivo”, a escritora e colunista da Folha, Tati Bernardi, abre ao público alguns temas recorrentes em suas sessões de terapia.');
INSERT INTO Episodio
VALUES ('64', 'sinapsectd', 'Para onde vamos? Que tal Alpha Centauri, o sistema estelar mais próximo daqui? Ok, destino decidido.');
INSERT INTO Episodio
VALUES ('99', 'afet0s', 'Falamos dos nossos processos criativos, da importância da pausa e das estratégias que usamos pra desbloquear.');
INSERT INTO Episodio
VALUES ('78', 'afet0s', 'Como você lida com o silêncio? O silêncio do outro te incomoda? E o seu próprio silêncio?');
INSERT INTO Episodio
VALUES ('102', 'reply4ll', 'This week, a telephone scammer makes a terrible mistake. He calls Alex Goldman.');

INSERT INTO Musica
VALUES ('6', '044003857629', 'Se lembra quando a gente chegou um dia a acreditar que tudo era pra sempre sem saber que o pra sempre sempre acaba');
INSERT INTO Musica
VALUES ('5', '044003857629', 'Ando por aí querendo te encontrar em cada esquina paro em cada olhar deixo a tristeza e trago a esperança em seu lugar que o nosso amor pra sempre viva, minha dádiva');
INSERT INTO Musica
VALUES ('13', '379482551907', 'Quivers, last rattles, last chokes all colours and cares glaze to grey shrivelled and stricken to dots left hand grasps what the body grasps not');
INSERT INTO Musica
VALUES ('3', '379482551907', 'Triangles are my favourite shape Three points where two lines meet Toe to toe, back to back, lets go');
INSERT INTO Musica
VALUES ('4', '609558813435', 'I could go forward in the light Well, I better fold my clothes Oh, my goodness to show (Why are you so far from saving me?)');
INSERT INTO Musica
VALUES ('8', '609558813435', 'And so its not in your clasp Then whats the function or the task Well, Id stun, Id stammer?');
INSERT INTO Musica
VALUES ('7', '279001087608', 'Full time you talk your money up While its living in a coal mine Tall time, to call your Ma Hey, Ma, hey, Ma');
INSERT INTO Musica
VALUES ('2', '229021429435', 'Hold on, darling This body is yours, this body is yours and mine Well hold on my darling This mess was yours, now your mess is mine');
INSERT INTO Musica
VALUES ('1', '229021429435', 'And I could easily lose my mind The way you kiss me Will work each time Calling me to come back to bed Singing Georgia On My Mind');
INSERT INTO Musica
VALUES ('9', '719814250901', 'Balance ton quoi Même, si tu parles mal des filles Je sais quau fond tas compris Balance ton quoi');
INSERT INTO Musica
VALUES ('10', '719814250901', 'Who the hell do you think you are? Stayin in bed instead of going out Who the hell do you think you are? Stayin in bed instead of standing proud');
INSERT INTO Musica
VALUES ('19', '759670734794', 'A maior demonstração De propagação do ser é o eco Com ele meu grito tem força Pra derrubar todos os prédios Que não me deixam ver o sol');
INSERT INTO Musica
VALUES ('21', '679193631522', 'Eu nunca senti Desapego por ninguém Com você experimentei Não resisti');
INSERT INTO Musica
VALUES ('28', '679193631522', 'E eu vivia à flor da pele nem percebia Que das vezes que eu ria era vontade de chorar Chorar, chorar, chorar');
INSERT INTO Musica
VALUES ('30', '215336035813', 'Exagerado Jogado aos teus pés Eu sou mesmo exagerado Adoro um amor inventado');
INSERT INTO Musica
VALUES ('29', '215336035813', 'Eu protegi o teu nome por amor Em um codinome, Beija-flor Não responda nunca, meu amor, nunca Pra qualquer um na rua, Beija-flor');
INSERT INTO Musica
VALUES ('84', '556347770436', 'Hoje qualquer zé-mané Qualquer caetano Pode dizer Que na Bahia Meu Krig-Ha Bandolo É puro ouro de tolo Mas minha alegria Minha ironia É bem maior do que essa porcaria');
INSERT INTO Musica
VALUES ('101', '439379000149', 'A tristeza é senhora  Desde que o samba é samba, é assim A lágrima clara sobre a pele escura A noite, a chuva que cai lá fora Solidão apavora');
INSERT INTO Musica
VALUES ('157', '439379000149', 'Ela vem, sempre tem Esse mar no olhar E vai ver, tem de ser Nunca tem quem amar Hoje sim, diz que sim Já cansei de esperar Nem parei, nem dormi Só pensando em lhe dar');
INSERT INTO Musica
VALUES ('148', '135894876389', 'Teu olhar mata mais do que bala de carabina Que veneno estricnina Que peixeira de baiano Teu olhar mata mais que atropelamento de automóver Mata mais que bala de revórver');
INSERT INTO Musica
VALUES ('250', '709558919194', 'Eu nunca fiz coisa tão certa Entrei pra escola do perdão A minha casa vive aberta Abri todas as portas do coração');
INSERT INTO Musica
VALUES ('311', '709558919194', 'Um cantinho e um violão Este amor, uma canção Pra fazer feliz a quem se ama Muita calma pra pensar E ter tempo pra sonhar Da janela vê-se o Corcovado O Redentor que lindo');
INSERT INTO Musica
VALUES ('77', '709558919194', 'Morro pede pasagem O morro que se mostrar Abram alas pro morro Tamborim vai falar É 1, é 2, é 3, é 100 É 1000 a batucar O morro não tem vez Mas se derem vez ao morro Toda cidade vai cantar');

INSERT INTO E_Formada
VALUES ('sabrina.suellen@gmail.com', 'Blue Monday', '6');
INSERT INTO E_Formada
VALUES ('sabrina.suellen@gmail.com', 'Blue Monday', '5');
INSERT INTO E_Formada
VALUES ('sabrina.suellen@gmail.com', 'Blue Monday', '90');
INSERT INTO E_Formada
VALUES ('sabrina.suellen@gmail.com', 'Blue Monday', '84');
INSERT INTO E_Formada
VALUES ('sabrina.suellen@gmail.com', 'Blue Monday', '77');
INSERT INTO E_Formada
VALUES ('cibele.ferreira@gmail.com', 'Venus', '4');
INSERT INTO E_Formada
VALUES ('cibele.ferreira@gmail.com', 'Venus', '8');
INSERT INTO E_Formada
VALUES ('cibele.ferreira@gmail.com', 'Venus', '7');
INSERT INTO E_Formada
VALUES ('cibele.ferreira@gmail.com', 'Venus', '84');
INSERT INTO E_Formada
VALUES ('cibele.ferreira@gmail.com', 'Venus', '2');
INSERT INTO E_Formada
VALUES ('cibele.ferreira@gmail.com', 'Venus', '9');
INSERT INTO E_Formada
VALUES ('cibele.ferreira@gmail.com', 'Venus', '311');
INSERT INTO E_Formada
VALUES ('cibele.ferreira@gmail.com', 'Venus', '64');
INSERT INTO E_Formada
VALUES ('victor.martins@gmail.com', 'brasil', '6');
INSERT INTO E_Formada
VALUES ('victor.martins@gmail.com', 'brasil', '5');
INSERT INTO E_Formada
VALUES ('victor.martins@gmail.com', 'brasil', '19');
INSERT INTO E_Formada
VALUES ('victor.martins@gmail.com', 'brasil', '21');
INSERT INTO E_Formada
VALUES ('victor.martins@gmail.com', 'brasil', '28');
INSERT INTO E_Formada
VALUES ('victor.martins@gmail.com', 'brasil', '30');
INSERT INTO E_Formada
VALUES ('victor.martins@gmail.com', 'brasil', '15');
INSERT INTO E_Formada
VALUES ('victor.martins@gmail.com', 'brasil', '84');
INSERT INTO E_Formada
VALUES ('victor.martins@gmail.com', 'brasil', '148');
INSERT INTO E_Formada
VALUES ('victor.martins@gmail.com', 'brasil', '77');
INSERT INTO E_Formada
VALUES ('myllenium@gmail.com', 'So Emocoes por My', '13');
INSERT INTO E_Formada
VALUES ('myllenium@gmail.com', 'So Emocoes por My', '4');
INSERT INTO E_Formada
VALUES ('myllenium@gmail.com', 'So Emocoes por My', '21');
INSERT INTO E_Formada
VALUES ('myllenium@gmail.com', 'So Emocoes por My', '90');
INSERT INTO E_Formada
VALUES ('myllenium@gmail.com', 'So Emocoes por My', '42');
INSERT INTO E_Formada
VALUES ('myllenium@gmail.com', 'So Emocoes por My', '250');
INSERT INTO E_Formada
VALUES ('myllenium@gmail.com', 'So Emocoes por My', '15');
INSERT INTO E_Formada
VALUES ('myllenium@gmail.com', 'So Emocoes por My', '19');
INSERT INTO E_Formada
VALUES ('myllenium@gmail.com', 'So Emocoes por My', '10');
INSERT INTO E_Formada
VALUES ('zecac@gmail.com', 'FICA EM CASA', '5');
INSERT INTO E_Formada
VALUES ('zecac@gmail.com', 'FICA EM CASA', '103');
INSERT INTO E_Formada
VALUES ('zecac@gmail.com', 'FICA EM CASA', '84');
INSERT INTO E_Formada
VALUES ('zecac@gmail.com', 'FICA EM CASA', '77');
INSERT INTO E_Formada
VALUES ('zecac@gmail.com', 'FICA EM CASA', '250');
INSERT INTO E_Formada
VALUES ('zecac@gmail.com', 'FICA EM CASA', '311');
INSERT INTO E_Formada
VALUES ('zecac@gmail.com', 'FICA EM CASA', '2');
INSERT INTO E_Formada
VALUES ('zecac@gmail.com', 'FICA EM CASA', '1');
INSERT INTO E_Formada
VALUES ('zecac@gmail.com', 'FICA EM CASA', '29');
INSERT INTO E_Formada
VALUES ('zecac@gmail.com', 'FICA EM CASA', '148');